[Header],,,,,,,,
Workflow,GenerateFASTQ,,,,,,,
Application,HiSeq FASTQ Only,,,,,,,
[Data],,,,,,,,
Lane,Sample_ID,Sample_Name,SamplePlate,SampleWell,index,index2,Project,Description
1,GS28765-1,Pangolin_17-10599_GS28765-1,HKMC7BBXX,x,AGTTCC,,Pangolin,
1,GS28766-1,Pangolin_17-10600_GS28766-1,HKMC7BBXX,x,ATGTCA,,Pangolin,
1,GS28764-1,Pangolin_17-10598_GS28764-1,HKMC7BBXX,x,AGTCAA,,Pangolin,
1,GS28763-1,Pangolin_17-10597_GS28763-1,HKMC7BBXX,x,CTTGTA,,Pangolin,
1,GS28769-1,Pangolin_17-10603_GS28769-1,HKMC7BBXX,x,GTGAAA,,Pangolin,
1,GS28760-1,Pangolin_17-10594_GS28760-1,HKMC7BBXX,x,ATCACG,,Pangolin,
1,GS28767-1,Pangolin_17-10601_GS28767-1,HKMC7BBXX,x,CCGTCC,,Pangolin,
1,GS28762-1,Pangolin_17-10596_GS28762-1,HKMC7BBXX,x,CAGATC,,Pangolin,
1,GS28768-1,Pangolin_17-10602_GS28768-1,HKMC7BBXX,x,GTCCGC,,Pangolin,
1,GS28761-1,Pangolin_17-10595_GS28761-1,HKMC7BBXX,x,GCCAAT,,Pangolin,
2,GS28765-1,Pangolin_17-10599_GS28765-1,HKMC7BBXX,x,AGTTCC,,Pangolin,
2,GS28766-1,Pangolin_17-10600_GS28766-1,HKMC7BBXX,x,ATGTCA,,Pangolin,
2,GS28764-1,Pangolin_17-10598_GS28764-1,HKMC7BBXX,x,AGTCAA,,Pangolin,
2,GS28763-1,Pangolin_17-10597_GS28763-1,HKMC7BBXX,x,CTTGTA,,Pangolin,
2,GS28769-1,Pangolin_17-10603_GS28769-1,HKMC7BBXX,x,GTGAAA,,Pangolin,
2,GS28760-1,Pangolin_17-10594_GS28760-1,HKMC7BBXX,x,ATCACG,,Pangolin,
2,GS28767-1,Pangolin_17-10601_GS28767-1,HKMC7BBXX,x,CCGTCC,,Pangolin,
2,GS28762-1,Pangolin_17-10596_GS28762-1,HKMC7BBXX,x,CAGATC,,Pangolin,
2,GS28768-1,Pangolin_17-10602_GS28768-1,HKMC7BBXX,x,GTCCGC,,Pangolin,
2,GS28761-1,Pangolin_17-10595_GS28761-1,HKMC7BBXX,x,GCCAAT,,Pangolin,
3,GS28765-1,Pangolin_17-10599_GS28765-1,HKMC7BBXX,x,AGTTCC,,Pangolin,
3,GS28766-1,Pangolin_17-10600_GS28766-1,HKMC7BBXX,x,ATGTCA,,Pangolin,
3,GS28764-1,Pangolin_17-10598_GS28764-1,HKMC7BBXX,x,AGTCAA,,Pangolin,
3,GS28763-1,Pangolin_17-10597_GS28763-1,HKMC7BBXX,x,CTTGTA,,Pangolin,
3,GS28769-1,Pangolin_17-10603_GS28769-1,HKMC7BBXX,x,GTGAAA,,Pangolin,
3,GS28760-1,Pangolin_17-10594_GS28760-1,HKMC7BBXX,x,ATCACG,,Pangolin,
3,GS28767-1,Pangolin_17-10601_GS28767-1,HKMC7BBXX,x,CCGTCC,,Pangolin,
3,GS28762-1,Pangolin_17-10596_GS28762-1,HKMC7BBXX,x,CAGATC,,Pangolin,
3,GS28768-1,Pangolin_17-10602_GS28768-1,HKMC7BBXX,x,GTCCGC,,Pangolin,
3,GS28761-1,Pangolin_17-10595_GS28761-1,HKMC7BBXX,x,GCCAAT,,Pangolin,
4,GS28765-1,Pangolin_17-10599_GS28765-1,HKMC7BBXX,x,AGTTCC,,Pangolin,
4,GS28766-1,Pangolin_17-10600_GS28766-1,HKMC7BBXX,x,ATGTCA,,Pangolin,
4,GS28764-1,Pangolin_17-10598_GS28764-1,HKMC7BBXX,x,AGTCAA,,Pangolin,
4,GS28763-1,Pangolin_17-10597_GS28763-1,HKMC7BBXX,x,CTTGTA,,Pangolin,
4,GS28769-1,Pangolin_17-10603_GS28769-1,HKMC7BBXX,x,GTGAAA,,Pangolin,
4,GS28760-1,Pangolin_17-10594_GS28760-1,HKMC7BBXX,x,ATCACG,,Pangolin,
4,GS28767-1,Pangolin_17-10601_GS28767-1,HKMC7BBXX,x,CCGTCC,,Pangolin,
4,GS28762-1,Pangolin_17-10596_GS28762-1,HKMC7BBXX,x,CAGATC,,Pangolin,
4,GS28768-1,Pangolin_17-10602_GS28768-1,HKMC7BBXX,x,GTCCGC,,Pangolin,
4,GS28761-1,Pangolin_17-10595_GS28761-1,HKMC7BBXX,x,GCCAAT,,Pangolin,
5,GS28761-1,Pangolin_17-10595_GS28761-1,HKMC7BBXX,x,GCCAAT,,Pangolin,
5,GS28763-1,Pangolin_17-10597_GS28763-1,HKMC7BBXX,x,CTTGTA,,Pangolin,
5,GS28764-1,Pangolin_17-10598_GS28764-1,HKMC7BBXX,x,AGTCAA,,Pangolin,
5,GS28769-1,Pangolin_17-10603_GS28769-1,HKMC7BBXX,x,GTGAAA,,Pangolin,
5,GS28762-1,Pangolin_17-10596_GS28762-1,HKMC7BBXX,x,CAGATC,,Pangolin,
5,GS28767-1,Pangolin_17-10601_GS28767-1,HKMC7BBXX,x,CCGTCC,,Pangolin,
5,GS28765-1,Pangolin_17-10599_GS28765-1,HKMC7BBXX,x,AGTTCC,,Pangolin,
5,GS28768-1,Pangolin_17-10602_GS28768-1,HKMC7BBXX,x,GTCCGC,,Pangolin,
5,GS28766-1,Pangolin_17-10600_GS28766-1,HKMC7BBXX,x,ATGTCA,,Pangolin,
5,GS28760-1,Pangolin_17-10594_GS28760-1,HKMC7BBXX,x,ATCACG,,Pangolin,
6,GS28766-1,Pangolin_17-10600_GS28766-1,HKMC7BBXX,x,ATGTCA,,Pangolin,
6,GS28769-1,Pangolin_17-10603_GS28769-1,HKMC7BBXX,x,GTGAAA,,Pangolin,
6,GS28761-1,Pangolin_17-10595_GS28761-1,HKMC7BBXX,x,GCCAAT,,Pangolin,
6,GS28768-1,Pangolin_17-10602_GS28768-1,HKMC7BBXX,x,GTCCGC,,Pangolin,
6,GS28763-1,Pangolin_17-10597_GS28763-1,HKMC7BBXX,x,CTTGTA,,Pangolin,
6,GS28764-1,Pangolin_17-10598_GS28764-1,HKMC7BBXX,x,AGTCAA,,Pangolin,
6,GS28760-1,Pangolin_17-10594_GS28760-1,HKMC7BBXX,x,ATCACG,,Pangolin,
6,GS28767-1,Pangolin_17-10601_GS28767-1,HKMC7BBXX,x,CCGTCC,,Pangolin,
6,GS28765-1,Pangolin_17-10599_GS28765-1,HKMC7BBXX,x,AGTTCC,,Pangolin,
6,GS28762-1,Pangolin_17-10596_GS28762-1,HKMC7BBXX,x,CAGATC,,Pangolin,
7,GS28763-1,Pangolin_17-10597_GS28763-1,HKMC7BBXX,x,CTTGTA,,Pangolin,
7,GS28765-1,Pangolin_17-10599_GS28765-1,HKMC7BBXX,x,AGTTCC,,Pangolin,
7,GS28766-1,Pangolin_17-10600_GS28766-1,HKMC7BBXX,x,ATGTCA,,Pangolin,
7,GS28760-1,Pangolin_17-10594_GS28760-1,HKMC7BBXX,x,ATCACG,,Pangolin,
7,GS28762-1,Pangolin_17-10596_GS28762-1,HKMC7BBXX,x,CAGATC,,Pangolin,
7,GS28768-1,Pangolin_17-10602_GS28768-1,HKMC7BBXX,x,GTCCGC,,Pangolin,
7,GS28767-1,Pangolin_17-10601_GS28767-1,HKMC7BBXX,x,CCGTCC,,Pangolin,
7,GS28764-1,Pangolin_17-10598_GS28764-1,HKMC7BBXX,x,AGTCAA,,Pangolin,
7,GS28769-1,Pangolin_17-10603_GS28769-1,HKMC7BBXX,x,GTGAAA,,Pangolin,
7,GS28761-1,Pangolin_17-10595_GS28761-1,HKMC7BBXX,x,GCCAAT,,Pangolin,
8,GS28767-1,Pangolin_17-10601_GS28767-1,HKMC7BBXX,x,CCGTCC,,Pangolin,
8,GS28764-1,Pangolin_17-10598_GS28764-1,HKMC7BBXX,x,AGTCAA,,Pangolin,
8,GS28768-1,Pangolin_17-10602_GS28768-1,HKMC7BBXX,x,GTCCGC,,Pangolin,
8,GS28763-1,Pangolin_17-10597_GS28763-1,HKMC7BBXX,x,CTTGTA,,Pangolin,
8,GS28766-1,Pangolin_17-10600_GS28766-1,HKMC7BBXX,x,ATGTCA,,Pangolin,
8,GS28762-1,Pangolin_17-10596_GS28762-1,HKMC7BBXX,x,CAGATC,,Pangolin,
8,GS28761-1,Pangolin_17-10595_GS28761-1,HKMC7BBXX,x,GCCAAT,,Pangolin,
8,GS28760-1,Pangolin_17-10594_GS28760-1,HKMC7BBXX,x,ATCACG,,Pangolin,
8,GS28765-1,Pangolin_17-10599_GS28765-1,HKMC7BBXX,x,AGTTCC,,Pangolin,
8,GS28769-1,Pangolin_17-10603_GS28769-1,HKMC7BBXX,x,GTGAAA,,Pangolin,